{
	"info": {
		"_postman_id": "1b27e766-075d-45f1-bb9a-0090ba93c99c",
		"name": "APIs",
		"schema": "https://schema.getpostman.com/json/collection/v2.1.0/collection.json",
		"_exporter_id": "11507061"
	},
	"item": [
		{
			"name": "App Running Check",
			"request": {
				"auth": {
					"type": "bearer",
					"bearer": [
						{
							"key": "token",
							"value": "eyJhbGciOiJIUzI1NiIsInR5cCI6IkpXVCJ9.eyJ1c2VySWQiOiJzaGVoemFkYXNsYW1vemFAZ21haWwuY29tIiwiaWF0IjoxNzI2NTEzOTA4LCJleHAiOjE3MjY1MTc1MDh9.t0g7JO-E8mQbGhpiB_idCxpDV6JpwUqSpp8An0o_6V",
							"type": "string"
						}
					]
				},
				"method": "GET",
				"header": [],
				"url": {
					"raw": "localhost:3001",
					"host": [
						"localhost"
					],
					"port": "3001"
				}
			},
			"response": []
		},
		{
			"name": "List All Flights",
			"request": {
				"method": "GET",
				"header": [],
				"url": {
					"raw": "http://localhost:3001/api/flights",
					"protocol": "http",
					"host": [
						"localhost"
					],
					"port": "3001",
					"path": [
						"api",
						"employees"
					]
				}
			},
			"response": []
		},
		{
			"name": "Add Employee",
			"request": {
				"method": "POST",
				"header": [],
				"body": {
					"mode": "raw",
					"raw": "{\r\n   \"id\":800,\r\n  \"firstName\": \"Muhammad\",\r\n  \"lastName\": \"Shehzad\",\r\n  \"email\": \"shehzadaslamoza123@gmail.com\",\r\n  \"phone\": \"123-456-7890\",\r\n  \"hireDate\": \"2024-06-16T19:00:00.000Z\", \r\n  \"jobID\": \"IT_PROG\",\r\n  \"salary\": 60000,\r\n  \"commission_pct\": 0.1,\r\n  \"manager_id\": 101,\r\n  \"department_id\": 60\r\n}\r\n",
					"options": {
						"raw": {
							"language": "json"
						}
					}
				},
				"url": {
					"raw": "http://localhost:3001/api/employees",
					"protocol": "http",
					"host": [
						"localhost"
					],
					"port": "3001",
					"path": [
						"api",
						"employees"
					]
				}
			},
			"response": []
		},
		{
			"name": "Update Employee",
			"request": {
				"method": "PUT",
				"header": [],
				"body": {
					"mode": "raw",
					"raw": "{\r\n   \"id\":600,\r\n  \"firstName\": \"123123\",\r\n  \"lastName\": \"123\",\r\n  \"email\": \"shehzagmail.com\",\r\n  \"phone\": \"123-456-7890\",\r\n  \"hireDate\": \"2024-06-16T19:00:00.000Z\", \r\n  \"jobID\": \"IT_PROG\",\r\n  \"salary\": 60000,\r\n  \"commission_pct\": 0.1,\r\n  \"manager_id\": 101,\r\n  \"department_id\": 60\r\n}\r\n",
					"options": {
						"raw": {
							"language": "json"
						}
					}
				},
				"url": {
					"raw": "http://localhost:3001/api/employees/",
					"protocol": "http",
					"host": [
						"localhost"
					],
					"port": "3001",
					"path": [
						"api",
						"employees",
						""
					]
				}
			},
			"response": []
		},
		{
			"name": "Delete Employee",
			"request": {
				"method": "DELETE",
				"header": [],
				"url": {
					"raw": "http://localhost:3001/api/employees/300",
					"protocol": "http",
					"host": [
						"localhost"
					],
					"port": "3001",
					"path": [
						"api",
						"employees",
						"300"
					]
				}
			},
			"response": []
		},
		{
			"name": "List All departments",
			"request": {
				"method": "GET",
				"header": [],
				"url": {
					"raw": "http://localhost:3001/api/department",
					"protocol": "http",
					"host": [
						"localhost"
					],
					"port": "3001",
					"path": [
						"api",
						"department"
					]
				}
			},
			"response": []
		},
		{
			"name": "Update Department",
			"request": {
				"method": "PUT",
				"header": [],
				"body": {
					"mode": "raw",
					"raw": "{\r\n   \"department_id\":300,\r\n  \"department_name\": \"LALALALA\",\r\n  \"manager_id\": 301,\r\n  \"location_id\": 1000\r\n}\r\n",
					"options": {
						"raw": {
							"language": "json"
						}
					}
				},
				"url": {
					"raw": "http://localhost:3001/api/department",
					"protocol": "http",
					"host": [
						"localhost"
					],
					"port": "3001",
					"path": [
						"api",
						"department"
					]
				}
			},
			"response": []
		},
		{
			"name": "Add Department",
			"request": {
				"method": "POST",
				"header": [],
				"body": {
					"mode": "raw",
					"raw": "{\r\n   \"department_id\":400,\r\n  \"department_name\": \"HEHEHAHA\",\r\n  \"manager_id\": 300,\r\n  \"location_id\": 1000\r\n}\r\n",
					"options": {
						"raw": {
							"language": "json"
						}
					}
				},
				"url": {
					"raw": "http://localhost:3001/api/department",
					"protocol": "http",
					"host": [
						"localhost"
					],
					"port": "3001",
					"path": [
						"api",
						"department"
					]
				}
			},
			"response": []
		},
		{
			"name": "List All Locations",
			"request": {
				"method": "GET",
				"header": [],
				"url": {
					"raw": "http://localhost:3001/api/location",
					"protocol": "http",
					"host": [
						"localhost"
					],
					"port": "3001",
					"path": [
						"api",
						"location"
					]
				}
			},
			"response": []
		},
		{
			"name": "List All Jobs",
			"request": {
				"method": "GET",
				"header": [],
				"url": {
					"raw": "http://localhost:3001/api/jobs",
					"protocol": "http",
					"host": [
						"localhost"
					],
					"port": "3001",
					"path": [
						"api",
						"jobs"
					]
				}
			},
			"response": []
		}
	]
}